category,n,disagreement_rate
harmful,67,0.07462686567164178
jailbreak,66,0.06060606060606061
adversarial,67,0.014925373134328358
